Website URL,Snippet
borneo.io,Borneo is a real-time data security and privacy observability platform for security practitioners.
botmd.io,Bot MD is an A.I. clinical chat assistant. Our A.I. integrates hospital information to provide instant answers to doctor queries and helps automates patient ...
brainpooltech.com,Find the best information and most relevant links on all topics related to.
braiven.com,"With gaps between the various technologies that are employed in digital transformation such as computer vision, IOT sensors – we help enterprises bridge between ..."
brda.com.sg,NIL
bribooks.com,"Jan 1, 2022 ... Company: when this policy mentions “Company,” “we,” “us,” or “our,” it refers to Youbooks Edtech Pte Ltd, 808 French Road, #05-151, Kitchner ..."
brightchamps.com,"BrightChamps is a leading provider of innovative learning programs in coding, financial literacy, robotics, and communication for K-12 students."
bringaboutmi.org,"AI Sciences. Integrating physiological input (auditory, oral, visual, tactile, …) and central nerve system + brain to remote/non-invasive stratified ..."
btrlyf.com,"The BtrLyf platform is the leading global community portal for enabling collaboration of sustainable building champions with projects, products, ..."
buildpan.com,Your all-in-one-place solutions for your iOS and android development and release workflow. Go bug-free with us. Start Building Request Demo.
bunkerchain.io,Marine Vessel Pass · Touch and Sail · Trade Clear · BunkerConnect · Supply Chain Finance · Why Bunkerchain? · Our Products · Our Partners.
bussr.com,"Bussr uses cutting-edge vehicle sharing technology to build, innovate and scale shared mobility worldwide. Tailoring transport solutions for 12 million+ ..."
butleric.com,NIL
byteplus.com,"Build better products, deliver richer experiences, and accelerate growth through our wide range of intelligent solutions."
c-log.io,NIL
caito.ai,"Here at CAITO.AI, we are a groundbreaking AI company who uses cognitive AI insights to unlock unstructured data and create business solutions for specific ..."
capc.com.sg,"Headquartered in Singapore, Capital C Corporation is a holding conglomerate that capitalises on fintech, as well as the best-emerging technologies in the ..."
carecam.ai,Quantitative gait analysis made easy · Benefits You Can Look Forward To · Future of 3D Measurement of Human Body Motion · More videos on YouTube.
cashinasia.com,01Apply for your free Business Cashline Cash-IN-Asia's Business Cashline is a flexible line of credit that business owners can access on demand.
ceesuite.com,"Executive Summary. Bullet points for busy executives - insights on key management issues, markets and competitors · CEESUITE Flash Estimate of Market Growth."
cerebry.co,"Everything Maths teachers need ... Built-in Zoom teaching integration means students automatically join a class with a single click, no need to email zoom links ..."
cerekon.com,Cerekon creates end-to-end IOT and Immersive Reality(Augmented Reality & Virtual Reality) solutions for Multiple industries . We specialise in Smart Glass ...
cdi-sg.com,"A warm welcome to Adarsh Arun, who started his PhD in Chemical Engineering in Singapore through a joint project between the University of Cambridge, Chemical ..."
childhealthimprints.com,An affordable neonatal bedside safety surveillance system. NEO is an IoT based device that can be connected to diverse bedside medical devices irrespective of ...
chloropy.com,NIL
chordx.co,Discover EHS Software Solutions by Magellan X. They protect the environment and maintain worker health and safety for your industrial business.
chynge.com,At Chynge we work to make the world a better place by carrying out your digital payments with smart compliance. We believe cross border payments should be.
circularind.com,Circular Industries' mission is to establish decentralised bio-technology manufacturing hubs applying novel and patent pending process technologies.
